{"param_names": {"ns": 0, "As": 1, "heat_slope": 2, "heat_amp": 3, "hub": 4}, "param_limits": [[0.9, 0.99], [1.4e-09, 2.6e-09], [-0.7, 0.1], [0.6, 1.4], [0.65, 0.75]], "kf": [0.001084, 0.001626, 0.002168, 0.00271, 0.003252, 0.003794, 0.004336, 0.004878, 0.00542, 0.005962, 0.006504, 0.007046, 0.007588, 0.00813, 0.008672, 0.009214, 0.009756, 0.010298, 0.01084, 0.011382, 0.011924, 0.012466, 0.013008, 0.01355, 0.014092, 0.014634, 0.015176, 0.015718, 0.01626, 0.016802, 0.017344, 0.017886, 0.018428, 0.01897, 0.019512], "mf": [], "omegamh2": 0.1199, "maxk": 4.874748084866572, "sample_params": [[0.9225, 2.0999999999999998e-09, -0.2333333333333334, 1.0666666666666664, 0.675], [0.9525, 2.3e-09, -0.5, 1.2, 0.7083333333333334], [0.9675, 1.5e-09, -0.3666666666666667, 0.7999999999999999, 0.6916666666666667], [0.9375, 1.9e-09, 0.033333333333333326, 1.3333333333333333, 0.725], [0.9824999999999999, 2.5e-09, -0.09999999999999998, 0.6666666666666666, 0.6583333333333333], [0.9075, 1.7e-09, -0.6333333333333333, 0.9333333333333332, 0.7416666666666667]], "basedir": "/home/spb/data/Lya_Boss_3/hires_s8_test", "really_arrays": ["param_limits", "kf", "sample_params"]}