{"param_names": {"ns": 0, "As": 1, "heat_slope": 2, "heat_amp": 3, "hub": 4}, "param_limits": [[0.8, 0.995], [1.2e-09, 2.6e-09], [-0.7, 0.1], [0.4, 1.4], [0.65, 0.75]], "kf": [0.001084, 0.001626, 0.002168, 0.00271, 0.003252, 0.003794, 0.004336, 0.004878, 0.00542, 0.005962, 0.006504, 0.007046, 0.007588, 0.00813, 0.008672, 0.009214, 0.009756, 0.010298, 0.01084, 0.011382, 0.011924, 0.012466, 0.013008, 0.01355, 0.014092, 0.014634, 0.015176, 0.015718, 0.01626, 0.016802, 0.017344, 0.017886, 0.018428, 0.01897, 0.019512], "mf": [], "omegamh2": 0.1199, "maxk": 4.874748084866572, "sample_params": [[0.8975, 1.9e-09, -0.3, 0.8999999999999999, 0.7], [0.9462499999999999, 1.9e-09, -0.3, 0.8999999999999999, 0.7], [0.84875, 1.9e-09, -0.3, 0.8999999999999999, 0.7], [0.9949999999999999, 1.9e-09, -0.3, 0.8999999999999999, 0.7], [0.8, 1.9e-09, -0.3, 0.8999999999999999, 0.7], [0.8975, 2.2500000000000003e-09, -0.3, 0.8999999999999999, 0.7], [0.8975, 1.55e-09, -0.3, 0.8999999999999999, 0.7], [0.8975, 2.6e-09, -0.3, 0.8999999999999999, 0.7], [0.8975, 1.2e-09, -0.3, 0.8999999999999999, 0.7], [0.8975, 1.9e-09, -0.1, 0.8999999999999999, 0.7], [0.8975, 1.9e-09, -0.5, 0.8999999999999999, 0.7], [0.8975, 1.9e-09, 0.09999999999999998, 0.8999999999999999, 0.7], [0.8975, 1.9e-09, -0.7, 0.8999999999999999, 0.7], [0.8975, 1.9e-09, -0.3, 1.15, 0.7], [0.8975, 1.9e-09, -0.3, 0.6499999999999999, 0.7], [0.8975, 1.9e-09, -0.3, 1.4, 0.7], [0.8975, 1.9e-09, -0.3, 0.39999999999999997, 0.7], [0.8975, 1.9e-09, -0.3, 0.8999999999999999, 0.725], [0.8975, 1.9e-09, -0.3, 0.8999999999999999, 0.6749999999999999], [0.8975, 1.9e-09, -0.3, 0.8999999999999999, 0.75], [0.8975, 1.9e-09, -0.3, 0.8999999999999999, 0.6499999999999999]], "basedir": "/home/spb/data/Lya_Boss_4/hires_s8_quad", "really_arrays": ["param_limits", "kf", "sample_params"]}