{"param_names": {"ns": 0, "As": 1, "heat_slope": 2, "heat_amp": 3, "hub": 4}, "param_limits": [[0.8, 0.995], [1.2e-09, 2.6e-09], [-0.7, 0.1], [0.4, 1.4], [0.65, 0.75]], "kf": [0.001084, 0.001626, 0.002168, 0.00271, 0.003252, 0.003794, 0.004336, 0.004878, 0.00542, 0.005962, 0.006504, 0.007046, 0.007588, 0.00813, 0.008672, 0.009214, 0.009756, 0.010298, 0.01084, 0.011382, 0.011924, 0.012466, 0.013008, 0.01355, 0.014092, 0.014634, 0.015176, 0.015718, 0.01626, 0.016802, 0.017344, 0.017886, 0.018428, 0.01897, 0.019512], "mf": [], "omegamh2": 0.1199, "maxk": 4.874748084866572, "sample_params": [[0.9439285714285715, 2.4333333333333336e-09, -0.14761904761904765, 0.9476190476190475, 0.7142857142857143], [0.8603571428571429, 1.6333333333333335e-09, -0.5285714285714286, 1.0428571428571427, 0.7333333333333333], [0.9625, 1.9e-09, -0.4142857142857143, 1.2333333333333332, 0.6666666666666667], [0.9346428571428571, 1.5e-09, -0.2238095238095238, 0.8523809523809522, 0.7], [0.8510714285714286, 2.2333333333333335e-09, -0.6428571428571428, 1.0904761904761904, 0.6761904761904762], [0.8325, 1.7e-09, -0.03333333333333344, 0.7571428571428571, 0.680952380952381], [0.9067857142857143, 1.4333333333333333e-09, -0.18571428571428572, 1.3761904761904762, 0.6904761904761905], [0.9717857142857143, 1.7666666666666668e-09, -0.5666666666666667, 0.8999999999999999, 0.7238095238095238], [0.8975, 2.5666666666666665e-09, 0.08095238095238089, 0.4238095238095238, 0.6857142857142857], [0.8882142857142857, 1.3666666666666667e-09, -0.0714285714285714, 0.5190476190476191, 0.7095238095238096], [0.9160714285714286, 2.0999999999999998e-09, -0.3380952380952381, 0.7095238095238094, 0.6523809523809524], [0.8417857142857144, 1.5666666666666666e-09, -0.2619047619047619, 0.6619047619047618, 0.6619047619047619], [0.8789285714285715, 2.3666666666666664e-09, -0.10952380952380958, 1.1857142857142855, 0.7047619047619048], [0.8696428571428572, 2.3e-09, -0.45238095238095233, 0.5666666666666667, 0.7476190476190476], [0.9903571428571428, 1.8333333333333332e-09, 0.004761904761904745, 1.138095238095238, 0.7285714285714285], [0.8139285714285714, 1.9666666666666665e-09, -0.6809523809523809, 1.2809523809523808, 0.6714285714285715], [0.9810714285714286, 2.0333333333333333e-09, -0.30000000000000004, 0.4714285714285714, 0.6571428571428571], [0.9253571428571429, 2.1666666666666666e-09, -0.3761904761904762, 0.9952380952380951, 0.7380952380952381], [0.8232142857142858, 1.2333333333333334e-09, -0.6047619047619047, 0.8047619047619048, 0.7428571428571429], [0.9532142857142857, 1.3e-09, 0.042857142857142816, 1.3285714285714283, 0.719047619047619], [0.8046428571428572, 2.5e-09, -0.4904761904761905, 0.6142857142857143, 0.6952380952380952]], "basedir": "/home/spb/data/Lya_Boss_4/hires_s8", "really_arrays": ["param_limits", "kf", "sample_params"]}